,legislatura,nome_parlamentar,sigla_partido,acoes
74,56,TADEU ALENCAR,PSB,1
54,56,VAVÁ MARTINS,PRB,1
99,56,JUNINHO DO PNEU,DEM,1
101,56,ARNALDO JARDIM,Cidadania,1
103,56,GELSON AZEVEDO,PR,1
49,56,CAMILO CAPIBERIBE,PSB,1
48,56,CORONEL CHRISÓSTOMO,PSL,1
96,56,OTTO ALENCAR FILHO,PSD,1
46,56,FELIPE RIGONI,PSB,1
107,56,ANDRÉ FIGUEIREDO,PDT,1
43,56,SERGIO VIDIGAL,PDT,1
109,56,EDUARDO BOLSONARO,PSL,1
110,56,ABOU ANNI,PSL,1
39,56,PAULO TEIXEIRA,PT,1
76,56,RICARDO IZAR,Progressistas,1
106,56,SANDERSON,PSL,1
112,56,EDMILSON RODRIGUES,PSOL,1
94,56,BOHN GASS,PT,1
59,56,TIAGO DIMAS,Solidariedade,1
75,56,RAFAEL MOTTA,PSB,1
78,56,VINICIUS CARVALHO,PRB,1
73,56,DANIEL COELHO,Cidadania,1
79,56,LEÔNIDAS CRISTINO,PDT,1
80,56,PEDRO PAULO,DEM,1
82,56,CEZINHA DE MADUREIRA,PSD,1
57,56,RUBENS BUENO,Cidadania,1
84,56,GERVÁSIO MAIA,PSB,1
88,56,FABIO SCHIOCHET,PSL,1
65,56,HÉLIO COSTA,PRB,1
89,56,GLEISI HOFFMANN,PT,1
63,56,BIA CAVASSA,PSDB,1
91,56,PEDRO UCZAI,PT,1
60,56,WELITON PRADO,PROS,1
87,56,ALESSANDRO MOLON,PSB,1
116,56,LUIZ PHILIPPE DE ORLEANS E BRAGANÇA,PSL,1
111,56,ALEXIS FONTEYNE,NOVO,1
34,56,SERGIO TOLEDO,PR,1
35,56,TITO,Avante,1
16,56,MARIA DO ROSÁRIO,PT,1
133,56,MARCELO ÁLVARO ANTÔNIO,PSL,1
14,56,NELSON PELLEGRINO,PT,1
13,56,FRED COSTA,Patriota,1
136,56,ALEXANDRE FROTA,PSL,1
18,56,LUIZ LIMA,PSL,1
139,56,CARLOS BEZERRA,MDB,1
141,56,TALÍRIA PETRONE,PSOL,1
142,56,ADOLFO VIANA,PSDB,1
6,56,CAPITÃO WAGNER,PROS,1
143,56,CELINA LEÃO,Progressistas,1
2,56,ODAIR CUNHA,PT,1
146,56,RUI FALCÃO,PT,1
140,56,PEDRO LUPION,DEM,1
19,56,JERÔNIMO GOERGEN,Progressistas,1
77,56,CELSO SABINO,PSDB,1
123,56,FLÁVIA ARRUDA,PR,1
21,56,BIRA DO PINDARÉ,PSB,1
22,56,GENINHO ZULIANI,DEM,1
127,56,FRANCO CARTAFINA,Progressistas,1
117,56,FELIPE CARRERAS,PSB,1
125,56,JOSÉ GUIMARÃES,PT,1
32,56,CLARISSA GAROTINHO,PROS,1
120,56,DELEGADO PABLO,PSL,1
26,56,MARCOS PEREIRA,PRB,1
130,56,CAETANO,PT,1
30,56,MARCELO MORAES,PTB,1
29,56,ROBERTO PESSOA,PSDB,1
145,56,JOÃO ROMA,PRB,2
144,56,GREYCE ELIAS,Avante,2
83,56,ALENCAR SANTANA BRAGA,PT,2
100,56,RONALDO CARLETTO,Progressistas,2
122,56,EDNA HENRIQUE,PSDB,2
135,56,ROBERTO DE LUCENA,Podemos,2
124,56,DR. JAZIEL,PR,2
92,56,LÉO MORAES,Podemos,2
105,56,ROBERTO ALVES,PRB,2
93,56,LOURIVAL GOMES,PSL,2
108,56,VILSON DA FETAEMG,PSB,2
132,56,JORGE SOLLA,PT,2
0,56,JOSE MARIO SCHREINER,DEM,2
33,56,CÉLIO MOURA,PT,2
36,56,DANRLEI DE DEUS HINTERHOLZ,PSD,2
17,56,AIRTON FALEIRO,PT,2
55,56,REGINALDO LOPES,PT,2
20,56,LUCIO MOSQUINI,MDB,2
56,56,JANDIRA FEGHALI,PCdoB,2
10,56,SIMPLÍCIO ARAÚJO,Solidariedade,2
61,56,PEDRO LUCAS FERNANDES,PTB,2
45,56,MARCON,PT,2
15,56,JULIO CESAR RIBEIRO,PRB,2
52,56,DR. LEONARDO,Solidariedade,2
7,56,JESUS SÉRGIO,PDT,2
68,56,CORONEL TADEU,PSL,2
66,56,TEREZA CRISTINA,DEM,2
129,56,RODRIGO COELHO,PSB,3
24,56,TÚLIO GADÊLHA,PDT,3
40,56,DAVID SOARES,DEM,3
37,56,JÚLIO CESAR,PSD,3
28,56,SIDNEY LEITE,PSD,3
114,56,DAVID MIRANDA,PSOL,3
119,56,MARX BELTRÃO,PSD,3
126,56,RODRIGO AGOSTINHO,PSB,3
148,56,JOSÉ NELTO,Podemos,3
53,56,FREI ANASTACIO RIBEIRO,PT,3
11,56,ONYX LORENZONI,DEM,3
138,56,GUSTAVO FRUET,PDT,3
62,56,JÚLIO DELGADO,PSB,3
8,56,ÁUREA CAROLINA,PSOL,3
86,56,NATÁLIA BONAVIDES,PT,3
1,56,JOSÉ RICARDO,PT,3
81,56,ZECA DIRCEU,PT,3
71,56,TABATA AMARAL,PDT,3
12,56,EMANUEL PINHEIRO NETO,PTB,3
98,56,ERIKA KOKAY,PT,3
9,56,JOÃO H. CAMPOS,PSB,4
23,56,WLADIMIR GAROTINHO,PSD,4
4,56,MARGARIDA SALOMÃO,PT,4
27,56,DANILO CABRAL,PSB,4
3,56,FERNANDA MELCHIONNA,PSOL,4
113,56,LUIS MIRANDA,DEM,4
102,56,DIEGO GARCIA,Podemos,4
70,56,ALÊ SILVA,PSL,4
147,56,DANIEL ALMEIDA,PCdoB,4
38,56,PATRUS ANANIAS,PT,4
90,56,GURGEL,PSL,4
44,56,MÁRCIO LABRE,PSL,4
104,56,MARCELO RAMOS,PR,4
95,56,OSMAR TERRA,MDB,4
97,56,ALINE GURGEL,PRB,4
67,56,SÂMIA BOMFIM,PSOL,5
47,56,ELIAS VAZ,PSB,5
69,56,PERPÉTUA ALMEIDA,PCdoB,6
5,56,HUGO LEAL,PSD,6
58,56,MARCELO CALERO,Cidadania,6
115,56,PAULO PIMENTA,PT,6
128,56,ZÉ VITOR,PR,6
118,56,AUREO RIBEIRO,Solidariedade,6
51,56,ALEXANDRE PADILHA,PT,7
50,56,ALCEU MOREIRA,MDB,7
131,56,ALEX MANENTE,Cidadania,7
85,56,BOSCO COSTA,PR,7
31,56,MÁRIO HERINGER,PDT,7
134,56,CAPITÃO ALBERTO NETO,PRB,11
137,56,ZÉ CARLOS,PT,13
121,56,JOÃO DANIEL,PT,13
41,56,PADRE JOÃO,PT,14
72,56,NILTO TATTO,PT,14
42,56,PAULO GUEDES,PT,21
64,56,ASSIS CARVALHO,PT,28
25,56,IVAN VALENTE,PSOL,46
